watch_id,name_or_place,type,event_id,date,why_it_is_notable,likely_reason_it_might_surface_on_subreddit,source_url
W001,Taleb Abdullah,person,MAJ_20240611_01,2024-06-11,Senior Hezbollah commander whose killing aligned closely with the 2024-06 subreddit spike.,"Could surface in anti-Hezbollah or operational-performance threads, especially during June 2024 retrospective debates.",https://apnews.com/article/lebanon-israel-hezbollah-commander-killed-a404a607c3f96850d0dde1a5cc70c41b
W054,Radwan Force,militia_reference,MAJ_20240920_01,2024-09-20,Hezbollah's elite unit recurs in assassination coverage of figures like Ibrahim Aqil and Wissam al-Tawil.,May surface in operational boasting or anti-Hezbollah military-capability discussions.,https://apnews.com/article/a6a95169a21b45dc86d86182e255fa7e
W002,Ibrahim Aqil,person,MAJ_20240920_01,2024-09-20,High-value Hezbollah commander killed in Beirut during the dense late-September 2024 escalation window.,Could appear in triumphalist or tactical-discussion threads tied to the strongest 2024 spike window.,https://apnews.com/article/a6a95169a21b45dc86d86182e255fa7e
W004,Hussein Younes,person,CFV_20241202_01,2024-12-02,Naval officer whose body was found in Naqoura during the first week of post-ceasefire friction.,Could surface in sovereignty or military-victim discussion if users are tracking unusually granular local details.,https://today.lorientlejour.com/article/1437969/israel-and-hezbollah-play-with-ceasefire.html
W003,Mahdi Khreiss,person,CFV_20241202_01,2024-12-02,Named State Security agent tied to an early ceasefire-breach cluster that was mostly documented in local Lebanese coverage.,A later reference would be notable because he is much more obscure than headline figures like Nasrallah.,https://today.lorientlejour.com/article/1437969/israel-and-hezbollah-play-with-ceasefire.html
W031,Roueissat al-Alam,road_or_border_point,CFV_20241202_01,2024-12-02,Disputed frontier point explicitly named in the first major ceasefire-breach cycle.,Could surface in discussions that try to sound operationally specific about the border.,https://today.lorientlejour.com/article/1437969/israel-and-hezbollah-play-with-ceasefire.html
W033,Borghoz,village,CFV_20241202_01,2024-12-02,Less prominent south-Lebanon village named in early ceasefire-breach local reports.,Would be notable because it is not a routine headline locality.,https://today.lorientlejour.com/article/1437969/israel-and-hezbollah-play-with-ceasefire.html
W032,Tallouseh / Tallousa,village,CFV_20241202_01,2024-12-02,Village repeatedly spelled in variant transliterations during ceasefire reporting.,"Helpful for matching transliteration drift across posts, comments, and source files.",https://today.lorientlejour.com/article/1437969/israel-and-hezbollah-play-with-ceasefire.html
W059,Ceasefire complaint citing 816 violations,political_reference,CFV_20241224_01,2024-12-24,Specific complaint figure from Lebanon's first UNSC filing after the truce.,A numeric reference like 816 could stand out if cited in later arguments.,https://today.lorientlejour.com/article/1441080/lebanon-files-first-complaint-with-unsc-over-israeli-violations-of-cease-fire.html
W005,Hussein Karaki,person,CFV_20250126_02,2025-01-26,One of the named Lebanese detainees/abductees identified retrospectively after the ceasefire.,Would be notable if referenced because detainee names from retrospective local reporting are not widely known.,https://today.lorientlejour.com/article/1492507/abducted-after-the-cease-fire-nine-lebanese-remain-imprisoned-in-israel.html
W006,Hassan Hammoud,person,CFV_20250127_01,2025-01-27,Named Taybeh detainee from a retrospective local detainee file.,Could indicate access to local reporting or unusually close attention to border-abduction cases.,https://today.lorientlejour.com/article/1492507/abducted-after-the-cease-fire-nine-lebanese-remain-imprisoned-in-israel.html
W007,Ali Tarhini,person,CFV_20250128_01,2025-01-28,Second named Taybeh detainee in the retrospective ceasefire-abduction reporting.,Useful for testing whether exact detainee names appear in later comments or arguments.,https://today.lorientlejour.com/article/1492507/abducted-after-the-cease-fire-nine-lebanese-remain-imprisoned-in-israel.html
W034,Harika,village,CFV_20250201_01,2025-02-01,Village referenced in local reporting about houses allegedly set on fire by Israeli soldiers.,Could indicate a user is drawing from highly local sources rather than mainstream summaries.,https://today.lorientlejour.com/article/1446072/aitaroun-residents-urged-to-wait-for-lebanese-armys-authorization-before-returning-to-the-village.html
W035,Robb Thalathin,village,CFV_20250201_01,2025-02-01,"Village cited in the same local arson/destruction reporting cycle, with uncommon transliteration variants.",Useful for exact or fuzzy place matching.,https://today.lorientlejour.com/article/1446072/aitaroun-residents-urged-to-wait-for-lebanese-armys-authorization-before-returning-to-the-village.html
W008,Mohammad Jouhair,person,CFV_20250202_01,2025-02-02,Named fisherman abducted off Naqoura in local retrospective coverage.,A maritime-abduction name surfacing later would be unusually specific and therefore analytically valuable.,https://today.lorientlejour.com/article/1492507/abducted-after-the-cease-fire-nine-lebanese-remain-imprisoned-in-israel.html
W056,Complete Israeli withdrawal by Feb. 18,political_reference,CFV_20250212_01,2025-02-12,Deadline rhetoric around total withdrawal became a repeated benchmark in post-ceasefire debate.,May show up in blame-oriented threads focused on who failed to enforce the truce.,https://today.lorientlejour.com/article/1447488/precarious-calm-in-southern-lebanon-one-killed-in-israeli-strike-on-rafah-live.html
W009,Mortada Mhanna,person,CFV_20250216_01,2025-02-16,Named detainee reportedly abducted in Bint Jbeil after the ceasefire.,"Could appear in threads about kidnappings, border incursions, or prisoner exchanges.",https://today.lorientlejour.com/article/1492507/abducted-after-the-cease-fire-nine-lebanese-remain-imprisoned-in-israel.html
W057,Seven occupied points after Feb. 18,political_reference,CFV_20250222_01,2025-02-22,A specific occupation-presence claim that may be referenced in arguments about the ceasefire's meaning.,Could appear in sovereignty or state-failure threads.,https://today.lorientlejour.com/article/1448845/cease-fire-with-israel-what-is-the-situation-in-lebanon-since-feb-18.html
W036,Ras al-Naqoura,road_or_border_point,CFV_20250305_01,2025-03-05,Specific border/coastal point tied to a low-level civilian-injury drone strike.,Good test for whether later comments reference very granular frontier geography.,https://www.aa.com.tr/en/middle-east/2-lebanese-injured-in-israeli-drone-strike-amid-ceasefire-violations/3500620
W055,Normalization border talks,political_reference,MAJ_20250311_01,2025-03-11,March 2025 normalization framing is unusually central to the subreddit's peace-branding theme.,Could explain sudden increases in peace/normalization discourse or efforts to bracket Gaza.,https://today.lorientlejour.com/article/1451475/goal-of-lebanon-israel-border-talks-to-achieve-normalization-says-senior-israeli-official.html
W037,Burj al-Muluk,village,CFV_20250315_01,2025-03-15,Village tied to a mid-March 2025 lethal strike in the ceasefire window.,Could appear in low-visibility local incident discussion.,https://today.lorientlejour.com/article/1451852/-live.html
W027,Fawzat Noureddine,person,CFV_20250327_01,2025-03-27,Second named fatality in the March 2025 Yohmor al-Shaqif cluster.,Useful for exact-person cross-references in a month already flagged as locally important.,https://today.lorientlejour.com/article/1453523/two-dead-in-israeli-drone-strikes-in-south-lebanon.html
W026,Hussein Ali Hilal,person,CFV_20250327_01,2025-03-27,One of three named fatalities in the Yohmor al-Shaqif strike cluster.,Obscure casualty names are especially revealing if reproduced in later discussion.,https://today.lorientlejour.com/article/1453523/two-dead-in-israeli-drone-strikes-in-south-lebanon.html
W028,Mohammad Sultan,person,CFV_20250327_01,2025-03-27,Third named fatality in the March 2025 drone-strike cluster.,Would stand out if users are citing granular casualty details from local reports.,https://today.lorientlejour.com/article/1453523/two-dead-in-israeli-drone-strikes-in-south-lebanon.html
W039,Yohmor al-Shaqif,village,CFV_20250327_01,2025-03-27,Village tied to a multi-name fatal strike cluster in late March 2025.,Could surface in the same March 2025 discussion window flagged by the archive analysis.,https://today.lorientlejour.com/article/1453523/two-dead-in-israeli-drone-strikes-in-south-lebanon.html
W058,AI target-search over Kfar Tibnit-Arnoun-Qaaqaiyat al-Jisr,political_reference,CFV_20250331_01,2025-03-31,NNA's framing of AI-assisted target searching is unusual and specific.,Could be echoed in technologically framed comments or conspiracy-adjacent speculation.,https://nna-leb.gov.lb/en/justice-law/769617/intensive-enemy-overflights-in-south
W038,Qaaqaiyat al-Jisr,village,CFV_20250331_01,2025-03-31,NNA named this locality in its description of AI-aided target searching over south Lebanon.,An especially distinctive village name for later matching.,https://nna-leb.gov.lb/en/justice-law/769617/intensive-enemy-overflights-in-south
W011,Hassan Bdeir,person,CFV_20250401_01,2025-04-01,Named Hezbollah-linked figure killed in a Beirut post-ceasefire strike.,Could surface in anti-Hezbollah or target-list style conversations.,https://today.lorientlejour.com/article/1454067/israeli-air-force-bombs-beirut-southern-suburbs-overnight.html
W052,Lebanese Forces,political_reference,MAJ_20250405_01,2025-04-05,The party led by Samir Geagea is a recurrent anchor for Christian anti-Hezbollah rhetoric.,Likely to appear in threads that pivot from current security events to older militia narratives.,https://today.lorientlejour.com/article/1454812/disarmament-of-hezbollah-geagea-urges-government-to-take-a-clear-and-frank-stance.html
W010,Mohammad Adnan Mansour,person,CFV_20250407_01,2025-04-07,Named fatality in a Taybeh drone strike identified by local Lebanese coverage.,Useful if exact casualty-name references show up in later subreddit commentary.,https://today.lorientlejour.com/article/1454969/one-killed-in-israeli-drone-strike-on-southern-lebanon.html
W012,Mohammad Marouni,person,CFV_20250515_01,2025-05-15,Crane operator killed in a strike while reconstruction structures were also targeted nearby.,May surface in debates over whether Israeli fire was targeting Hezbollah infrastructure or broader reconstruction activity.,https://today.lorientlejour.com/article/1460385/israeli-drone-strike-kills-one-in-southern-lebanon-bombs-prefabricated-buildings.html
W051,Kataeb,political_reference,MAJ_20250527_01,2025-05-27,Christian party rhetoric against Hezbollah is one of the user's requested discourse domains.,"Could align with Christian-party nostalgia, sovereigntist messaging, or civil-war memory framing.",https://today.lorientlejour.com/article/1461990/hezbollah-is-not-in-position-to-impose-its-conditions-kataeb.html
W029,Ali Fneich,person,CFV_20250604_01,2025-06-04,Named maritime detainee from the Naqoura coast retrospective list.,Could surface in maritime or abduction discussions with unusual specificity.,https://today.lorientlejour.com/article/1492507/abducted-after-the-cease-fire-nine-lebanese-remain-imprisoned-in-israel.html
W030,Maher Hamdan,person,CFV_20250607_01,2025-06-07,Named detainee from the Mount Hermon sector.,Rare border-sector reference that could be distinctive in later comments.,https://today.lorientlejour.com/article/1492507/abducted-after-the-cease-fire-nine-lebanese-remain-imprisoned-in-israel.html
W048,Mount Hermon sector,road_or_border_point,CFV_20250607_01,2025-06-07,Border sector referenced in an obscure post-ceasefire abduction case.,Rare sectoral geography may indicate unusually granular source consumption.,https://today.lorientlejour.com/article/1492507/abducted-after-the-cease-fire-nine-lebanese-remain-imprisoned-in-israel.html
W050,al-Rissala,organization,CFV_20250612_01,2025-06-12,Named rescue/medical association in local French reporting about post-ceasefire targeting.,Useful for detecting when local rescue-organization references enter online argument.,https://www.lorientlejour.com/article/1464279/violations-du-cessez-le-feu-israel-cible-un-secouriste-dal-rissala-et-fait-exploser-une-ferme-avicole.html
W013,Ali Haidar,person,CFV_20250707_01,2025-07-07,Named fatality from a low-visibility July 2025 local strike.,A later reference would suggest attention to detailed local reporting rather than only major headlines.,https://today.lorientlejour.com/article/1468281/israel-kills-two-in-two-separate-drone-strikes-in-bint-jbeil-and-sour-districts.html
W014,Hadi Rameh,person,CFV_20250707_01,2025-07-07,Second named fatality from the same July 2025 day of local drone strikes.,Useful for testing whether paired casualty names migrate into online discussion.,https://today.lorientlejour.com/article/1468281/israel-kills-two-in-two-separate-drone-strikes-in-bint-jbeil-and-sour-districts.html
W040,Khalleh Warda,road_or_border_point,CFV_20250707_01,2025-07-07,Less-known border-area point referenced alongside Kfar Kila and Aita al-Shaab activity.,Highly specific operational geography can be revealing if echoed later.,https://today.lorientlejour.com/article/1468281/israel-kills-two-in-two-separate-drone-strikes-in-bint-jbeil-and-sour-districts.html
W015,Wissam Abou Abbas,person,CFV_20250712_01,2025-07-12,Named Hezbollah artilleryman killed in Khiam.,Could show up in anti-Hezbollah or battlefield-loss discussions.,https://today.lorientlejour.com/article/1469004/israeli-drone-strike-kills-hezbollah-artilleryman-in-khiam.html
W016,Abbas Merhi,person,CFV_20250806_01,2025-08-06,"11-year-old killed in Touline, making him a particularly salient child-casualty name.","Useful for testing whether child-casualty cases are remembered, denied, or reframed.",https://today.lorientlejour.com/article/1472536/israeli-army-says-it-killed-a-hezbollah-official-in-bekaa-strike.html
W041,Touline,village,CFV_20250806_01,2025-08-06,Village associated with the death of 11-year-old Abbas Merhi.,May appear in humanitarian or grievance-focused discussion.,https://today.lorientlejour.com/article/1472536/israeli-army-says-it-killed-a-hezbollah-official-in-bekaa-strike.html
W017,Hussein Badah,person,CFV_20250825_01,2025-08-25,Named fatality in Tibnin from local September-adjacent reporting.,May surface if users cite exact local casualty lists or target identities.,https://today.lorientlejour.com/article/1474857/one-killed-in-israeli-drone-strike-on-tibnin.html
W053,Bashir Gemayel commemoration,historical_reference,MAJ_20250913_01,2025-09-13,Symbolic historical marker tied to Christian militia memory and sovereigntist discourse.,"Could activate nostalgia, rehabilitation, or cooperation narratives on the subreddit.",https://nna-leb.gov.lb/en/politics/808530/aoun-in-commemoration-of-martyr-bashir-gemayel-gem
W049,Jihad al-Bina,organization,CFV_20251002_01,2025-10-02,Hezbollah's civil reconstruction organization rarely appears in mainstream Western coverage compared with military wings.,"Could surface in arguments about whether Israeli targets are 'civilian,' 'dual-use,' or Hezbollah-adjacent.",https://today.lorientlejour.com/article/1479476/israeli-drone-strike-kills-two-from-hezbollahs-civilian-reconstruction-organization.html
W018,Ahmed Saad,person,CFV_20251002_01,2025-10-02,Jihad al-Bina engineer killed in a Kfar Roummane car strike.,Important because it connects a little-known Hezbollah-linked civil-reconstruction organization to a named victim.,https://today.lorientlejour.com/article/1479476/israeli-drone-strike-kills-two-from-hezbollahs-civilian-reconstruction-organization.html
W019,Mostafa Rizk,person,CFV_20251002_01,2025-10-02,Second Jihad al-Bina engineer killed in the same Kfar Roummane strike.,"Paired with Ahmed Saad, this is useful for precise organization-and-person matching.",https://today.lorientlejour.com/article/1479476/israeli-drone-strike-kills-two-from-hezbollahs-civilian-reconstruction-organization.html
W042,Kfar Roummane,village,CFV_20251002_01,2025-10-02,Village associated with both weapons-depot claims and Jihad al-Bina engineer targeting.,Useful because it sits at the overlap of infrastructure and named-person rows.,https://today.lorientlejour.com/article/1479476/israeli-drone-strike-kills-two-from-hezbollahs-civilian-reconstruction-organization.html
W043,Siddiqine-Kafra road,road_or_border_point,CFV_20251015_01,2025-10-15,"Road-level locality named in a strike/infiltration cluster, not just a village name.",Road references are uncommon enough to be strong correlation bait.,https://today.lorientlejour.com/article/1481338/south-lebanon-2-seriously-injured-building-demolished-in-israeli-strike.html
W020,Ahmed Baalbaki,person,CFV_20251018_01,2025-10-18,Bulldozer operator killed between Deir Kifa and Kfar Dounin.,Would be notable because road-level civilian-worker names are usually absent from global coverage.,https://today.lorientlejour.com/article/1481712/israel-kills-man-operating-bulldozer-in-south-lebanon-in-drone-strike.html
W044,Deir Kifa-Kfar Dounin road,road_or_border_point,CFV_20251018_01,2025-10-18,Specific road segment where bulldozer operator Ahmed Baalbaki was killed.,Could surface in unusually detailed retellings of local strikes.,https://today.lorientlejour.com/article/1481712/israel-kills-man-operating-bulldozer-in-south-lebanon-in-drone-strike.html
W021,Hassan Ali Jamil Sultan,person,CFV_20251109_01,2025-11-09,Named fatality in a pickup strike between Sawaneh and Khirbet Silm.,Good exact-name test case for later local-detail references.,https://today.lorientlejour.com/article/1484301/one-killed-in-israeli-drone-strike-in-bint-jbeil-district.html
W045,Sawaneh-Khirbet Silm corridor,road_or_border_point,CFV_20251109_01,2025-11-09,Rural road pair named in a pickup strike report.,A good exact-phrase candidate for later fuzzy matching.,https://today.lorientlejour.com/article/1484301/one-killed-in-israeli-drone-strike-in-bint-jbeil-district.html
W022,Ali Ibrahim Cheaito,person,CFV_20251118_01,2025-11-18,Municipal worker killed in the Bint Jbeil area.,Useful for tracking whether civic-function victims appear in discussions dominated by militia or strategy framing.,https://today.lorientlejour.com/article/1485369/israeli-strike-kills-municipal-worker-in-bint-jbeil-.html
W060,"More than 10,000 UNIFIL-counted violations",political_reference,MAJ_20251127_01,2025-11-27,Large cumulative figure from a one-year ceasefire tally and a key chronic-pattern benchmark.,Could anchor long-range narrative claims about the truce being hollow or one-sided.,https://www.lorientlejour.com/article/1486396/tirs-de-mitrailleuse-infiltration-a-meis-el-jabal-larmee-israelienne-poursuit-ses-violations-un-an-pile-apres-le-debut-de-la-treve-au-liban-direct.html
W047,Meis el-Jabal,village,CFV_20251127_01,2025-11-27,Village named in the one-year ceasefire-anniversary infiltration report.,Relevant both as a frontier locality and as a repeated site in post-truce reporting.,https://www.lorientlejour.com/article/1486396/tirs-de-mitrailleuse-infiltration-a-meis-el-jabal-larmee-israelienne-poursuit-ses-violations-un-an-pile-apres-le-debut-de-la-treve-au-liban-direct.html
W046,Labbouneh,road_or_border_point,CFV_20251221_01,2025-12-21,Border area referenced in the same file as the Yater strike cycle.,May be used in highly operational or frontier-specific discussion.,https://today.lorientlejour.com/article/1489203/consecutive-israeli-drone-strikes-on-yater-kill-one-critically-injure-another.html
W023,Mohammad Adel Saghir,person,CFV_20260112_01,2026-01-12,Municipal councilor referenced in the January 2026 strike cycle.,Could appear in state-failure or municipal-targeting discussions.,https://today.lorientlejour.com/article/1491161/one-injured-by-israeli-army-drone-strike.html
W024,Mohammad Youssef / Mohamad Assaf,person,CFV_20260130_01,2026-01-30,Victim name with alternate transliterations in Siddiqine coverage.,Important for downstream fuzzy matching because users may mention either rendering.,https://today.lorientlejour.com/article/1493354/one-killed-in-siddiqine-in-israeli-army-drone-strike.html
W025,Mehdi Hassan Sheito,person,CFV_20260213_01,2026-02-13,Named Hezbollah fighter whose profile also linked back to the Syria war.,Could connect anti-Hezbollah discourse with Syria-spillover narratives.,https://today.lorientlejour.com/article/1494839/hezbollah-fighter-wounded-in-syria-war-killed-in-drone-strike-in-bint-jbeil.html
